,Estimate,Std. Error,z value,Pr(>|z|),OddsRatio,OR_lower,OR_upper
(Intercept),-0.728478574,0.114986575,-6.335335866,2.37E-10,0.482642737,0.384074246,0.602924106
commentlength,0.001351904,0.000178582,7.57019555,3.73E-14,1.001352819,1.001016125,1.001716929
