,Df,Sum Sq,Mean Sq,F value,Pr(>F)
tone       ,3,1075796.154,358598.718,1.22208289,0.301392463
Residuals  ,381,111797745.2,293432.4021,NA,NA
